{
  "id": "1043827",
  "name": "bm-icon",
  "font_family": "bmiconfont",
  "css_prefix_text": "bm-icon-",
  "description": "",
  "glyphs": [
    {
      "icon_id": "14656296",
      "name": "科技培训",
      "font_class": "kejipeixun",
      "unicode": "e731",
      "unicode_decimal": 59185
    },
    {
      "icon_id": "8949001",
      "name": "人员配置",
      "font_class": "renyuanpeizhi",
      "unicode": "e666",
      "unicode_decimal": 58982
    },
    {
      "icon_id": "8949002",
      "name": "编制",
      "font_class": "bianzhi",
      "unicode": "e6bb",
      "unicode_decimal": 59067
    },
    {
      "icon_id": "8949008",
      "name": "日历",
      "font_class": "rili",
      "unicode": "e6bc",
      "unicode_decimal": 59068
    },
    {
      "icon_id": "8949009",
      "name": "岗位",
      "font_class": "gangwei",
      "unicode": "e6bd",
      "unicode_decimal": 59069
    },
    {
      "icon_id": "8949011",
      "name": "公司",
      "font_class": "gongsi",
      "unicode": "e6be",
      "unicode_decimal": 59070
    },
    {
      "icon_id": "8949023",
      "name": "重置",
      "font_class": "zhongzhi",
      "unicode": "e6c0",
      "unicode_decimal": 59072
    },
    {
      "icon_id": "8949025",
      "name": "转入",
      "font_class": "zhuanru",
      "unicode": "e6c1",
      "unicode_decimal": 59073
    },
    {
      "icon_id": "8949029",
      "name": "转出",
      "font_class": "zhuanchu",
      "unicode": "e6c3",
      "unicode_decimal": 59075
    },
    {
      "icon_id": "9007288",
      "name": "个人资料",
      "font_class": "gerenziliao",
      "unicode": "e6c4",
      "unicode_decimal": 59076
    },
    {
      "icon_id": "9212030",
      "name": "在职1",
      "font_class": "zaizhi",
      "unicode": "e6c5",
      "unicode_decimal": 59077
    },
    {
      "icon_id": "9231071",
      "name": "流程中",
      "font_class": "liuchengzhong",
      "unicode": "e6c6",
      "unicode_decimal": 59078
    },
    {
      "icon_id": "9231072",
      "name": "缺编",
      "font_class": "quebian",
      "unicode": "e6c7",
      "unicode_decimal": 59079
    },
    {
      "icon_id": "9447891",
      "name": "未通过",
      "font_class": "weitongguo",
      "unicode": "e6c8",
      "unicode_decimal": 59080
    },
    {
      "icon_id": "9539918",
      "name": "审批结束",
      "font_class": "shenpijieshu",
      "unicode": "e6c9",
      "unicode_decimal": 59081
    },
    {
      "icon_id": "9539919",
      "name": "审批中",
      "font_class": "shenpizhong",
      "unicode": "e6ca",
      "unicode_decimal": 59082
    },
    {
      "icon_id": "9539920",
      "name": "不调动",
      "font_class": "butiaodong",
      "unicode": "e6cb",
      "unicode_decimal": 59083
    },
    {
      "icon_id": "9539921",
      "name": "待审批",
      "font_class": "daishenpi1",
      "unicode": "e6cc",
      "unicode_decimal": 59084
    },
    {
      "icon_id": "24819083",
      "name": "icon22",
      "font_class": "icon22",
      "unicode": "e6cd",
      "unicode_decimal": 59085
    },
    {
      "icon_id": "12306967",
      "name": "基本信息",
      "font_class": "jibenxinxi",
      "unicode": "e690",
      "unicode_decimal": 59024
    },
    {
      "icon_id": "12307743",
      "name": "劳务报酬所得",
      "font_class": "laowubaochousuode",
      "unicode": "e691",
      "unicode_decimal": 59025
    },
    {
      "icon_id": "12309424",
      "name": "打印",
      "font_class": "dayin",
      "unicode": "e692",
      "unicode_decimal": 59026
    },
    {
      "icon_id": "12310684",
      "name": "复制",
      "font_class": "fuzhi1",
      "unicode": "e694",
      "unicode_decimal": 59028
    },
    {
      "icon_id": "12310703",
      "name": "完税证明开具",
      "font_class": "wanshuizhengmingkaiju",
      "unicode": "e695",
      "unicode_decimal": 59029
    },
    {
      "icon_id": "12310743",
      "name": "申报历史信息查询",
      "font_class": "shenbaolishixinxichaxun",
      "unicode": "e696",
      "unicode_decimal": 59030
    },
    {
      "icon_id": "12310746",
      "name": "工资薪金所得",
      "font_class": "gongzixinjinsuode",
      "unicode": "e697",
      "unicode_decimal": 59031
    },
    {
      "icon_id": "12310919",
      "name": "解除绑定",
      "font_class": "jiechubangding",
      "unicode": "e698",
      "unicode_decimal": 59032
    },
    {
      "icon_id": "12310925",
      "name": "税费种认定",
      "font_class": "shuifeizhongrending",
      "unicode": "e699",
      "unicode_decimal": 59033
    },
    {
      "icon_id": "12311399",
      "name": "税收算法",
      "font_class": "shuishousuanfa",
      "unicode": "e69a",
      "unicode_decimal": 59034
    },
    {
      "icon_id": "12311600",
      "name": "数据统计",
      "font_class": "shujutongji",
      "unicode": "e69b",
      "unicode_decimal": 59035
    },
    {
      "icon_id": "12311784",
      "name": "申报信息",
      "font_class": "shenbaoxinxi",
      "unicode": "e69c",
      "unicode_decimal": 59036
    },
    {
      "icon_id": "12312369",
      "name": "待办事项",
      "font_class": "daibanshixiang1",
      "unicode": "e69d",
      "unicode_decimal": 59037
    },
    {
      "icon_id": "12312601",
      "name": "契税申报",
      "font_class": "qishuishenbao",
      "unicode": "e69e",
      "unicode_decimal": 59038
    },
    {
      "icon_id": "12312645",
      "name": "历史信息",
      "font_class": "lishixinxi",
      "unicode": "e69f",
      "unicode_decimal": 59039
    },
    {
      "icon_id": "12312743",
      "name": "在线咨询",
      "font_class": "zaixianzixun",
      "unicode": "e6a0",
      "unicode_decimal": 59040
    },
    {
      "icon_id": "12312830",
      "name": "灵活就业",
      "font_class": "linghuojiuye",
      "unicode": "e6a1",
      "unicode_decimal": 59041
    },
    {
      "icon_id": "12313097",
      "name": "证明信息查询",
      "font_class": "zhengmingxinxichaxun",
      "unicode": "e6a2",
      "unicode_decimal": 59042
    },
    {
      "icon_id": "12313257",
      "name": "发票",
      "font_class": "fapiao1",
      "unicode": "e6a3",
      "unicode_decimal": 59043
    },
    {
      "icon_id": "12313280",
      "name": "新农合医疗保险",
      "font_class": "xinnongheyiliaobaoxian",
      "unicode": "e6a4",
      "unicode_decimal": 59044
    },
    {
      "icon_id": "12315947",
      "name": "已缴款查询",
      "font_class": "yijiaokuanchaxun",
      "unicode": "e6a5",
      "unicode_decimal": 59045
    },
    {
      "icon_id": "12317074",
      "name": "预填单",
      "font_class": "yutiandan",
      "unicode": "e6a6",
      "unicode_decimal": 59046
    },
    {
      "icon_id": "12317089",
      "name": "预填单查询",
      "font_class": "yutiandanchaxun",
      "unicode": "e6a7",
      "unicode_decimal": 59047
    },
    {
      "icon_id": "12317100",
      "name": "数据演示",
      "font_class": "shujuyanshi",
      "unicode": "e6a8",
      "unicode_decimal": 59048
    },
    {
      "icon_id": "12317110",
      "name": "发票信息查询",
      "font_class": "fapiaoxinxichaxun",
      "unicode": "e6a9",
      "unicode_decimal": 59049
    },
    {
      "icon_id": "12317133",
      "name": "数据源管理工具",
      "font_class": "shujuyuanguanligongju",
      "unicode": "e6aa",
      "unicode_decimal": 59050
    },
    {
      "icon_id": "12317177",
      "name": "集中数据源管理工具",
      "font_class": "jizhongshujuyuanguanligongju",
      "unicode": "e6ab",
      "unicode_decimal": 59051
    },
    {
      "icon_id": "12319562",
      "name": "税率",
      "font_class": "shuishuai",
      "unicode": "e6ac",
      "unicode_decimal": 59052
    },
    {
      "icon_id": "12327087",
      "name": "日报",
      "font_class": "ribao",
      "unicode": "e6ad",
      "unicode_decimal": 59053
    },
    {
      "icon_id": "12327088",
      "name": "月报",
      "font_class": "yuebao",
      "unicode": "e6ae",
      "unicode_decimal": 59054
    },
    {
      "icon_id": "12327089",
      "name": "税收统计",
      "font_class": "shuishoutongji",
      "unicode": "e6af",
      "unicode_decimal": 59055
    },
    {
      "icon_id": "12327114",
      "name": "消息提醒",
      "font_class": "xiaoxitixing",
      "unicode": "e6b0",
      "unicode_decimal": 59056
    },
    {
      "icon_id": "12327118",
      "name": "分支机构",
      "font_class": "fenzhijigou",
      "unicode": "e6b1",
      "unicode_decimal": 59057
    },
    {
      "icon_id": "12327136",
      "name": "申报作废",
      "font_class": "shenbaozuofei",
      "unicode": "e6b2",
      "unicode_decimal": 59058
    },
    {
      "icon_id": "12327873",
      "name": "增值税",
      "font_class": "zengzhishui",
      "unicode": "e6b3",
      "unicode_decimal": 59059
    },
    {
      "icon_id": "12328008",
      "name": "票种核定信息",
      "font_class": "piaozhonghedingxinxi",
      "unicode": "e6b4",
      "unicode_decimal": 59060
    },
    {
      "icon_id": "12328082",
      "name": "邮件",
      "font_class": "youjian",
      "unicode": "e6b5",
      "unicode_decimal": 59061
    },
    {
      "icon_id": "12328157",
      "name": "代开记录",
      "font_class": "daikaijilu",
      "unicode": "e6b6",
      "unicode_decimal": 59062
    },
    {
      "icon_id": "12328161",
      "name": "申报记录",
      "font_class": "shenbaojilu",
      "unicode": "e6b7",
      "unicode_decimal": 59063
    },
    {
      "icon_id": "12328220",
      "name": "实时互动",
      "font_class": "shishihudong",
      "unicode": "e6b8",
      "unicode_decimal": 59064
    },
    {
      "icon_id": "12328363",
      "name": "待审批",
      "font_class": "daishenpi",
      "unicode": "e6b9",
      "unicode_decimal": 59065
    },
    {
      "icon_id": "12328364",
      "name": "系统应用",
      "font_class": "xitongyingyong",
      "unicode": "e6ba",
      "unicode_decimal": 59066
    },
    {
      "icon_id": "5388655",
      "name": "ic_分割线",
      "font_class": "ic_fengexian",
      "unicode": "e689",
      "unicode_decimal": 59017
    },
    {
      "icon_id": "797228",
      "name": "到期时间",
      "font_class": "daoqishijian",
      "unicode": "e623",
      "unicode_decimal": 58915
    },
    {
      "icon_id": "921329",
      "name": "收支明细",
      "font_class": "shouzhimingxi",
      "unicode": "e635",
      "unicode_decimal": 58933
    },
    {
      "icon_id": "979244",
      "name": "冠军",
      "font_class": "guanjun",
      "unicode": "e67e",
      "unicode_decimal": 59006
    },
    {
      "icon_id": "2082510",
      "name": "加班",
      "font_class": "jiaban",
      "unicode": "e67f",
      "unicode_decimal": 59007
    },
    {
      "icon_id": "3007218",
      "name": "实付款",
      "font_class": "shifukuan",
      "unicode": "e6cf",
      "unicode_decimal": 59087
    },
    {
      "icon_id": "3024935",
      "name": "HBHT企业公章",
      "font_class": "qiyegongzhang",
      "unicode": "e602",
      "unicode_decimal": 58882
    },
    {
      "icon_id": "3026172",
      "name": "客户公海池",
      "font_class": "kehugonghaichi",
      "unicode": "e680",
      "unicode_decimal": 59008
    },
    {
      "icon_id": "3142196",
      "name": "回款",
      "font_class": "huikuan2",
      "unicode": "e624",
      "unicode_decimal": 58916
    },
    {
      "icon_id": "3311820",
      "name": "到期",
      "font_class": "daoqi",
      "unicode": "e625",
      "unicode_decimal": 58917
    },
    {
      "icon_id": "3352679",
      "name": "项目列表",
      "font_class": "xiangmuliebiao",
      "unicode": "ea23",
      "unicode_decimal": 59939
    },
    {
      "icon_id": "3419601",
      "name": "领带",
      "font_class": "tie-copy",
      "unicode": "e681",
      "unicode_decimal": 59009
    },
    {
      "icon_id": "3591203",
      "name": "单位冠军",
      "font_class": "danweiguanjun",
      "unicode": "e73e",
      "unicode_decimal": 59198
    },
    {
      "icon_id": "3607052",
      "name": "收支管理",
      "font_class": "shouzhiguanli",
      "unicode": "e682",
      "unicode_decimal": 59010
    },
    {
      "icon_id": "4320492",
      "name": "冠军",
      "font_class": "guanjun1",
      "unicode": "e683",
      "unicode_decimal": 59011
    },
    {
      "icon_id": "4641223",
      "name": "加班",
      "font_class": "icon-overtime",
      "unicode": "e6ea",
      "unicode_decimal": 59114
    },
    {
      "icon_id": "4652945",
      "name": "客户合同",
      "font_class": "kehuhetong",
      "unicode": "e685",
      "unicode_decimal": 59013
    },
    {
      "icon_id": "5531149",
      "name": "成交客户",
      "font_class": "xingzhuang",
      "unicode": "e686",
      "unicode_decimal": 59014
    },
    {
      "icon_id": "6279675",
      "name": "实付金额",
      "font_class": "shifujine",
      "unicode": "e687",
      "unicode_decimal": 59015
    },
    {
      "icon_id": "6460292",
      "name": "单位冠军",
      "font_class": "danweiguanjun1",
      "unicode": "e803",
      "unicode_decimal": 59395
    },
    {
      "icon_id": "6854962",
      "name": "回款",
      "font_class": "huikuan3",
      "unicode": "e688",
      "unicode_decimal": 59016
    },
    {
      "icon_id": "7730620",
      "name": "到期",
      "font_class": "daoqi1",
      "unicode": "e68a",
      "unicode_decimal": 59018
    },
    {
      "icon_id": "9008930",
      "name": "客户列表",
      "font_class": "kehuliebiao",
      "unicode": "e68b",
      "unicode_decimal": 59019
    },
    {
      "icon_id": "9191730",
      "name": "休息",
      "font_class": "xiuxi",
      "unicode": "e68c",
      "unicode_decimal": 59020
    },
    {
      "icon_id": "9961263",
      "name": "okr_alldoc",
      "font_class": "okr_alldoc",
      "unicode": "e86e",
      "unicode_decimal": 59502
    },
    {
      "icon_id": "9961264",
      "name": "okr_allperform",
      "font_class": "okr_allperform",
      "unicode": "e86f",
      "unicode_decimal": 59503
    },
    {
      "icon_id": "9961265",
      "name": "okr_handle",
      "font_class": "okr_handle",
      "unicode": "e870",
      "unicode_decimal": 59504
    },
    {
      "icon_id": "9961266",
      "name": "okr_below",
      "font_class": "okr_below",
      "unicode": "e871",
      "unicode_decimal": 59505
    },
    {
      "icon_id": "9961267",
      "name": "okr_myperform",
      "font_class": "okr_myperform",
      "unicode": "e872",
      "unicode_decimal": 59506
    },
    {
      "icon_id": "9961268",
      "name": "okr_appear",
      "font_class": "okr_appear",
      "unicode": "e873",
      "unicode_decimal": 59507
    },
    {
      "icon_id": "9961269",
      "name": "okr_target",
      "font_class": "okr_target",
      "unicode": "e874",
      "unicode_decimal": 59508
    },
    {
      "icon_id": "9961270",
      "name": "okr_team",
      "font_class": "okr_team",
      "unicode": "e875",
      "unicode_decimal": 59509
    },
    {
      "icon_id": "10126791",
      "name": "上海小镇-公章刻制",
      "font_class": "shanghaixiaozhen-gongzhangkezhi",
      "unicode": "e68d",
      "unicode_decimal": 59021
    },
    {
      "icon_id": "10180461",
      "name": "收支",
      "font_class": "shouzhi",
      "unicode": "e68e",
      "unicode_decimal": 59022
    },
    {
      "icon_id": "438840",
      "name": "crm",
      "font_class": "639",
      "unicode": "e633",
      "unicode_decimal": 58931
    },
    {
      "icon_id": "2793864",
      "name": "crm",
      "font_class": "crm",
      "unicode": "e61f",
      "unicode_decimal": 58911
    },
    {
      "icon_id": "712277",
      "name": "付款申请",
      "font_class": "icon-payment",
      "unicode": "e670",
      "unicode_decimal": 58992
    },
    {
      "icon_id": "735391",
      "name": "回款",
      "font_class": "huikuan1",
      "unicode": "e60f",
      "unicode_decimal": 58895
    },
    {
      "icon_id": "797914",
      "name": "归档",
      "font_class": "guidang",
      "unicode": "e618",
      "unicode_decimal": 58904
    },
    {
      "icon_id": "1106745",
      "name": "部门数据",
      "font_class": "bumenshuju",
      "unicode": "e671",
      "unicode_decimal": 58993
    },
    {
      "icon_id": "1132458",
      "name": "付款方式",
      "font_class": "fukuanfangshi",
      "unicode": "e629",
      "unicode_decimal": 58921
    },
    {
      "icon_id": "1263300",
      "name": "请假",
      "font_class": "qingjia",
      "unicode": "e627",
      "unicode_decimal": 58919
    },
    {
      "icon_id": "1309038",
      "name": "975菜单_员工离职",
      "font_class": "975caidan_yuangonglizhi",
      "unicode": "e68f",
      "unicode_decimal": 59023
    },
    {
      "icon_id": "1358850",
      "name": "公司数据",
      "font_class": "companydata",
      "unicode": "e7d4",
      "unicode_decimal": 59348
    },
    {
      "icon_id": "1389019",
      "name": "项目",
      "font_class": "xiangmu1",
      "unicode": "e601",
      "unicode_decimal": 58881
    },
    {
      "icon_id": "2028961",
      "name": "制定目标",
      "font_class": "mubiao",
      "unicode": "e62b",
      "unicode_decimal": 58923
    },
    {
      "icon_id": "2131313",
      "name": "预算",
      "font_class": "budget",
      "unicode": "e672",
      "unicode_decimal": 58994
    },
    {
      "icon_id": "2689985",
      "name": "采购",
      "font_class": "caigou",
      "unicode": "e61c",
      "unicode_decimal": 58908
    },
    {
      "icon_id": "2715874",
      "name": "行政",
      "font_class": "hangzheng",
      "unicode": "e71d",
      "unicode_decimal": 59165
    },
    {
      "icon_id": "3050839",
      "name": "付款-添加",
      "font_class": "wallet-add",
      "unicode": "e626",
      "unicode_decimal": 58918
    },
    {
      "icon_id": "3050840",
      "name": "付款-错误",
      "font_class": "wallet-error",
      "unicode": "e628",
      "unicode_decimal": 58920
    },
    {
      "icon_id": "3050841",
      "name": "付款-锁定",
      "font_class": "wallet-lock",
      "unicode": "e62c",
      "unicode_decimal": 58924
    },
    {
      "icon_id": "3050843",
      "name": "付款-完成",
      "font_class": "wallet-success",
      "unicode": "e62d",
      "unicode_decimal": 58925
    },
    {
      "icon_id": "3147529",
      "name": "销售单私海池",
      "font_class": "xiaoshoudansihaichi",
      "unicode": "e67c",
      "unicode_decimal": 59004
    },
    {
      "icon_id": "3378274",
      "name": "本月续签合同",
      "font_class": "benyuexuqianhetong",
      "unicode": "e60c",
      "unicode_decimal": 58892
    },
    {
      "icon_id": "3450108",
      "name": "公海",
      "font_class": "gonghai",
      "unicode": "e777",
      "unicode_decimal": 59255
    },
    {
      "icon_id": "3454651",
      "name": "人均贡献",
      "font_class": "renjungongxian",
      "unicode": "e60d",
      "unicode_decimal": 58893
    },
    {
      "icon_id": "3467420",
      "name": "假期类型",
      "font_class": "jiaqileixing",
      "unicode": "e797",
      "unicode_decimal": 59287
    },
    {
      "icon_id": "3467429",
      "name": "假期余额",
      "font_class": "jiaqiyue",
      "unicode": "e798",
      "unicode_decimal": 59288
    },
    {
      "icon_id": "3668203",
      "name": "分摊",
      "font_class": "fentan",
      "unicode": "e674",
      "unicode_decimal": 58996
    },
    {
      "icon_id": "3919477",
      "name": "奖金",
      "font_class": "jiangjin",
      "unicode": "e693",
      "unicode_decimal": 59027
    },
    {
      "icon_id": "4166099",
      "name": "奖杯",
      "font_class": "jiangbei",
      "unicode": "e615",
      "unicode_decimal": 58901
    },
    {
      "icon_id": "4725058",
      "name": "外出",
      "font_class": "waichu",
      "unicode": "e622",
      "unicode_decimal": 58914
    },
    {
      "icon_id": "5298300",
      "name": "资源中心",
      "font_class": "resourse",
      "unicode": "e636",
      "unicode_decimal": 58934
    },
    {
      "icon_id": "5384167",
      "name": "合同管理",
      "font_class": "hetongguanli",
      "unicode": "e8a0",
      "unicode_decimal": 59552
    },
    {
      "icon_id": "5390904",
      "name": "合同管理",
      "font_class": "hetongguanli1",
      "unicode": "e67d",
      "unicode_decimal": 59005
    },
    {
      "icon_id": "5405456",
      "name": "线索",
      "font_class": "xiansuo",
      "unicode": "e72d",
      "unicode_decimal": 59181
    },
    {
      "icon_id": "5492128",
      "name": "合同管理",
      "font_class": "hetong1",
      "unicode": "e612",
      "unicode_decimal": 58898
    },
    {
      "icon_id": "5544122",
      "name": "出差",
      "font_class": "chucha",
      "unicode": "e722",
      "unicode_decimal": 59170
    },
    {
      "icon_id": "5730897",
      "name": "考勤",
      "font_class": "kaoqin",
      "unicode": "e637",
      "unicode_decimal": 58935
    },
    {
      "icon_id": "5920207",
      "name": "销售单私海池",
      "font_class": "xiaoshoudansihaichi1",
      "unicode": "e7c1",
      "unicode_decimal": 59329
    },
    {
      "icon_id": "5953416",
      "name": "成本",
      "font_class": "chengben1",
      "unicode": "e684",
      "unicode_decimal": 59012
    },
    {
      "icon_id": "6136149",
      "name": "项目",
      "font_class": "xiangmu2",
      "unicode": "e62f",
      "unicode_decimal": 58927
    },
    {
      "icon_id": "6155891",
      "name": "工资",
      "font_class": "gongzi",
      "unicode": "e6c2",
      "unicode_decimal": 59074
    },
    {
      "icon_id": "6420772",
      "name": "资料",
      "font_class": "ziliao",
      "unicode": "e614",
      "unicode_decimal": 58900
    },
    {
      "icon_id": "6441910",
      "name": "贡献榜",
      "font_class": "gongxianbang",
      "unicode": "e61a",
      "unicode_decimal": 58906
    },
    {
      "icon_id": "6529897",
      "name": "付款成功",
      "font_class": "fukuanchenggong",
      "unicode": "e71e",
      "unicode_decimal": 59166
    },
    {
      "icon_id": "6529901",
      "name": "付款失败",
      "font_class": "fukuanshibai",
      "unicode": "e71f",
      "unicode_decimal": 59167
    },
    {
      "icon_id": "6752609",
      "name": "员工调动申请表",
      "font_class": "yuangongtiaodongshenqingbiao",
      "unicode": "e61b",
      "unicode_decimal": 58907
    },
    {
      "icon_id": "6789094",
      "name": "员工管理",
      "font_class": "yuangongguanli-",
      "unicode": "e638",
      "unicode_decimal": 58936
    },
    {
      "icon_id": "7090039",
      "name": "付款单审批",
      "font_class": "fukuandanshenpi",
      "unicode": "e720",
      "unicode_decimal": 59168
    },
    {
      "icon_id": "7285189",
      "name": "监控 ",
      "font_class": "jiankong",
      "unicode": "e632",
      "unicode_decimal": 58930
    },
    {
      "icon_id": "8228211",
      "name": "我的OKR",
      "font_class": "wodeOKR",
      "unicode": "e61d",
      "unicode_decimal": 58909
    },
    {
      "icon_id": "90523",
      "name": "预算",
      "font_class": "yusuan",
      "unicode": "e60e",
      "unicode_decimal": 58894
    },
    {
      "icon_id": "1263231",
      "name": "报销",
      "font_class": "baoxiao1",
      "unicode": "e609",
      "unicode_decimal": 58889
    },
    {
      "icon_id": "1356728",
      "name": "发票",
      "font_class": "fapiao",
      "unicode": "e72a",
      "unicode_decimal": 59178
    },
    {
      "icon_id": "2276185",
      "name": "ERP_供应商",
      "font_class": "ERP_gongyingshang",
      "unicode": "e66e",
      "unicode_decimal": 58990
    },
    {
      "icon_id": "2667943",
      "name": "逾期",
      "font_class": "yuqi",
      "unicode": "e66f",
      "unicode_decimal": 58991
    },
    {
      "icon_id": "3825238",
      "name": "项目预算",
      "font_class": "xiangmuyusuan",
      "unicode": "e60b",
      "unicode_decimal": 58891
    },
    {
      "icon_id": "6789073",
      "name": "成本分析",
      "font_class": "chengbenfenxi-",
      "unicode": "e631",
      "unicode_decimal": 58929
    },
    {
      "icon_id": "7090035",
      "name": "发票信息",
      "font_class": "fapiaoxinxi",
      "unicode": "e71c",
      "unicode_decimal": 59164
    },
    {
      "icon_id": "7591415",
      "name": "供应商合同",
      "font_class": "gongyingshanghetong",
      "unicode": "e6bf",
      "unicode_decimal": 59071
    },
    {
      "icon_id": "3370249",
      "name": "男",
      "font_class": "nan",
      "unicode": "e608",
      "unicode_decimal": 58888
    },
    {
      "icon_id": "3370301",
      "name": "女",
      "font_class": "nv",
      "unicode": "e611",
      "unicode_decimal": 58897
    },
    {
      "icon_id": "4893193",
      "name": "BMP",
      "font_class": "BMP",
      "unicode": "ec1c",
      "unicode_decimal": 60444
    },
    {
      "icon_id": "4893194",
      "name": "GIF",
      "font_class": "GIF",
      "unicode": "ec1d",
      "unicode_decimal": 60445
    },
    {
      "icon_id": "4893195",
      "name": "JPG",
      "font_class": "JPG",
      "unicode": "ec1e",
      "unicode_decimal": 60446
    },
    {
      "icon_id": "4893196",
      "name": "PNG",
      "font_class": "PNG",
      "unicode": "ec1f",
      "unicode_decimal": 60447
    },
    {
      "icon_id": "4893199",
      "name": "未知格式",
      "font_class": "weizhigeshi",
      "unicode": "ec20",
      "unicode_decimal": 60448
    },
    {
      "icon_id": "4896380",
      "name": "更多",
      "font_class": "gengduo3",
      "unicode": "ec21",
      "unicode_decimal": 60449
    },
    {
      "icon_id": "4932635",
      "name": "云端下载",
      "font_class": "yunduanxiazai",
      "unicode": "ec22",
      "unicode_decimal": 60450
    },
    {
      "icon_id": "4932636",
      "name": "云端上传",
      "font_class": "yunduanshangchuan",
      "unicode": "ec23",
      "unicode_decimal": 60451
    },
    {
      "icon_id": "5401578",
      "name": "设备状态",
      "font_class": "shebeizhuangtai",
      "unicode": "ec24",
      "unicode_decimal": 60452
    },
    {
      "icon_id": "5401579",
      "name": "分组管理",
      "font_class": "fenzuguanli",
      "unicode": "ec25",
      "unicode_decimal": 60453
    },
    {
      "icon_id": "5401580",
      "name": "快速编排",
      "font_class": "kuaisubianpai",
      "unicode": "ec26",
      "unicode_decimal": 60454
    },
    {
      "icon_id": "5401581",
      "name": "APP开发",
      "font_class": "APPkaifa",
      "unicode": "ec27",
      "unicode_decimal": 60455
    },
    {
      "icon_id": "5460559",
      "name": "问题解答",
      "font_class": "wentijieda",
      "unicode": "ec2e",
      "unicode_decimal": 60462
    },
    {
      "icon_id": "5763920",
      "name": "物模型",
      "font_class": "wumoxing",
      "unicode": "ec35",
      "unicode_decimal": 60469
    },
    {
      "icon_id": "5764445",
      "name": "告警",
      "font_class": "gaojing",
      "unicode": "ec36",
      "unicode_decimal": 60470
    },
    {
      "icon_id": "5767874",
      "name": "任务进程",
      "font_class": "renwujincheng",
      "unicode": "ec37",
      "unicode_decimal": 60471
    },
    {
      "icon_id": "5767878",
      "name": "告警",
      "font_class": "gaojing1",
      "unicode": "ec3a",
      "unicode_decimal": 60474
    },
    {
      "icon_id": "5767879",
      "name": "执行反馈",
      "font_class": "zhihangfankui",
      "unicode": "ec3b",
      "unicode_decimal": 60475
    },
    {
      "icon_id": "5769241",
      "name": "工单确认",
      "font_class": "gongdanqueren",
      "unicode": "ec3c",
      "unicode_decimal": 60476
    },
    {
      "icon_id": "5769242",
      "name": "广播",
      "font_class": "guangbo",
      "unicode": "ec3d",
      "unicode_decimal": 60477
    },
    {
      "icon_id": "5769243",
      "name": "工单",
      "font_class": "gongdan",
      "unicode": "ec3e",
      "unicode_decimal": 60478
    },
    {
      "icon_id": "5900853",
      "name": "发布色块",
      "font_class": "fabusekuai",
      "unicode": "ec4a",
      "unicode_decimal": 60490
    },
    {
      "icon_id": "5930292",
      "name": "Wi-Fi",
      "font_class": "Wi-Fi",
      "unicode": "ec4d",
      "unicode_decimal": 60493
    },
    {
      "icon_id": "5961297",
      "name": "查询",
      "font_class": "chaxun",
      "unicode": "ec4e",
      "unicode_decimal": 60494
    },
    {
      "icon_id": "5961298",
      "name": "电表",
      "font_class": "dianbiao",
      "unicode": "ec4f",
      "unicode_decimal": 60495
    },
    {
      "icon_id": "5961299",
      "name": "安全",
      "font_class": "anquan1",
      "unicode": "ec50",
      "unicode_decimal": 60496
    },
    {
      "icon_id": "5961300",
      "name": "待办事项",
      "font_class": "daibanshixiang",
      "unicode": "ec51",
      "unicode_decimal": 60497
    },
    {
      "icon_id": "5961302",
      "name": "反射",
      "font_class": "fanshe",
      "unicode": "ec52",
      "unicode_decimal": 60498
    },
    {
      "icon_id": "5961304",
      "name": "管道",
      "font_class": "guandao",
      "unicode": "ec53",
      "unicode_decimal": 60499
    },
    {
      "icon_id": "5961305",
      "name": "规则",
      "font_class": "guize1",
      "unicode": "ec54",
      "unicode_decimal": 60500
    },
    {
      "icon_id": "5961306",
      "name": "规则引擎",
      "font_class": "guizeyinqing",
      "unicode": "ec55",
      "unicode_decimal": 60501
    },
    {
      "icon_id": "5961310",
      "name": "流计算",
      "font_class": "liujisuan",
      "unicode": "ec56",
      "unicode_decimal": 60502
    },
    {
      "icon_id": "5961312",
      "name": "连接流",
      "font_class": "lianjieliu",
      "unicode": "ec57",
      "unicode_decimal": 60503
    },
    {
      "icon_id": "5961315",
      "name": "人体检测",
      "font_class": "rentijiance",
      "unicode": "ec5a",
      "unicode_decimal": 60506
    },
    {
      "icon_id": "5961317",
      "name": "数据挖掘",
      "font_class": "shujuwajue",
      "unicode": "ec5c",
      "unicode_decimal": 60508
    },
    {
      "icon_id": "5961318",
      "name": "网关",
      "font_class": "wangguan",
      "unicode": "ec5d",
      "unicode_decimal": 60509
    },
    {
      "icon_id": "5961319",
      "name": "人脑",
      "font_class": "shenjing",
      "unicode": "ec5e",
      "unicode_decimal": 60510
    },
    {
      "icon_id": "5961320",
      "name": "储存",
      "font_class": "chucun",
      "unicode": "ec5f",
      "unicode_decimal": 60511
    },
    {
      "icon_id": "5961321",
      "name": "AI",
      "font_class": "wuguan",
      "unicode": "ec60",
      "unicode_decimal": 60512
    },
    {
      "icon_id": "5961322",
      "name": "云端刷新",
      "font_class": "yunduanshuaxin",
      "unicode": "ec61",
      "unicode_decimal": 60513
    },
    {
      "icon_id": "5961325",
      "name": "bug",
      "font_class": "bug",
      "unicode": "ec63",
      "unicode_decimal": 60515
    },
    {
      "icon_id": "5961328",
      "name": "折线图",
      "font_class": "zhexiantu",
      "unicode": "ec66",
      "unicode_decimal": 60518
    },
    {
      "icon_id": "5961366",
      "name": "列表",
      "font_class": "liebiao1",
      "unicode": "ec6b",
      "unicode_decimal": 60523
    },
    {
      "icon_id": "5961430",
      "name": "神经",
      "font_class": "shenjing1",
      "unicode": "ec6f",
      "unicode_decimal": 60527
    },
    {
      "icon_id": "5975445",
      "name": "城市",
      "font_class": "chengshi",
      "unicode": "ec70",
      "unicode_decimal": 60528
    },
    {
      "icon_id": "5982568",
      "name": "告警实心",
      "font_class": "tixingshixin",
      "unicode": "ec72",
      "unicode_decimal": 60530
    },
    {
      "icon_id": "5982851",
      "name": "门磁",
      "font_class": "menci",
      "unicode": "ec76",
      "unicode_decimal": 60534
    },
    {
      "icon_id": "5982855",
      "name": "插头",
      "font_class": "chatou",
      "unicode": "ec77",
      "unicode_decimal": 60535
    },
    {
      "icon_id": "6188469",
      "name": "回款",
      "font_class": "huikuan",
      "unicode": "e610",
      "unicode_decimal": 58896
    },
    {
      "icon_id": "6195944",
      "name": "图片添加",
      "font_class": "tupiantianjia",
      "unicode": "ec7d",
      "unicode_decimal": 60541
    },
    {
      "icon_id": "6297756",
      "name": "奖金币",
      "font_class": "jiangjinbi",
      "unicode": "e600",
      "unicode_decimal": 58880
    },
    {
      "icon_id": "6337455",
      "name": "点赞",
      "font_class": "dianzan",
      "unicode": "ec7f",
      "unicode_decimal": 60543
    },
    {
      "icon_id": "6337456",
      "name": "插入链接",
      "font_class": "charulianjie",
      "unicode": "ec80",
      "unicode_decimal": 60544
    },
    {
      "icon_id": "6337457",
      "name": "插入图片",
      "font_class": "charutupian",
      "unicode": "ec81",
      "unicode_decimal": 60545
    },
    {
      "icon_id": "6337458",
      "name": "取消链接",
      "font_class": "quxiaolianjie",
      "unicode": "ec82",
      "unicode_decimal": 60546
    },
    {
      "icon_id": "6337461",
      "name": "引用",
      "font_class": "yinyong",
      "unicode": "ec83",
      "unicode_decimal": 60547
    },
    {
      "icon_id": "6337465",
      "name": "笑脸",
      "font_class": "xiaolian",
      "unicode": "ec84",
      "unicode_decimal": 60548
    },
    {
      "icon_id": "6337472",
      "name": "字体颜色",
      "font_class": "zitiyanse",
      "unicode": "ec85",
      "unicode_decimal": 60549
    },
    {
      "icon_id": "6337474",
      "name": "字体预览",
      "font_class": "zitiyulan",
      "unicode": "ec86",
      "unicode_decimal": 60550
    },
    {
      "icon_id": "6380878",
      "name": "点赞_块",
      "font_class": "dianzan_kuai",
      "unicode": "ec8c",
      "unicode_decimal": 60556
    },
    {
      "icon_id": "6482368",
      "name": "托管",
      "font_class": "tuoguan",
      "unicode": "ec8e",
      "unicode_decimal": 60558
    },
    {
      "icon_id": "6616926",
      "name": "对勾",
      "font_class": "duigoux",
      "unicode": "ec9e",
      "unicode_decimal": 60574
    },
    {
      "icon_id": "6616997",
      "name": "关闭",
      "font_class": "guanbi1",
      "unicode": "eca0",
      "unicode_decimal": 60576
    },
    {
      "icon_id": "6775641",
      "name": "爱心 _实心",
      "font_class": "aixin_shixin",
      "unicode": "eca1",
      "unicode_decimal": 60577
    },
    {
      "icon_id": "6775644",
      "name": "爱心",
      "font_class": "aixin",
      "unicode": "eca2",
      "unicode_decimal": 60578
    },
    {
      "icon_id": "6776386",
      "name": "声音_实体",
      "font_class": "shengyin_shiti",
      "unicode": "eca5",
      "unicode_decimal": 60581
    },
    {
      "icon_id": "6776387",
      "name": "声音开",
      "font_class": "shengyinkai",
      "unicode": "eca6",
      "unicode_decimal": 60582
    },
    {
      "icon_id": "6776388",
      "name": "收藏_实心",
      "font_class": "shoucang_shixin",
      "unicode": "eca7",
      "unicode_decimal": 60583
    },
    {
      "icon_id": "6776389",
      "name": "收藏",
      "font_class": "shoucang1",
      "unicode": "eca8",
      "unicode_decimal": 60584
    },
    {
      "icon_id": "6776390",
      "name": "声音无",
      "font_class": "shengyinwu",
      "unicode": "eca9",
      "unicode_decimal": 60585
    },
    {
      "icon_id": "6776437",
      "name": "声音静音",
      "font_class": "shengyinjingyin",
      "unicode": "ecaa",
      "unicode_decimal": 60586
    },
    {
      "icon_id": "637610",
      "name": "LC_icon_user_group_line",
      "font_class": "LC_icon_user_group_line",
      "unicode": "e617",
      "unicode_decimal": 58903
    },
    {
      "icon_id": "840152",
      "name": "会议室",
      "font_class": "huiyishi",
      "unicode": "e67b",
      "unicode_decimal": 59003
    },
    {
      "icon_id": "1462924",
      "name": "user",
      "font_class": "user1",
      "unicode": "e66d",
      "unicode_decimal": 58989
    },
    {
      "icon_id": "150053",
      "name": "合同",
      "font_class": "hetong",
      "unicode": "e7d0",
      "unicode_decimal": 59344
    },
    {
      "icon_id": "510171",
      "name": "积分",
      "font_class": "jifen1",
      "unicode": "e673",
      "unicode_decimal": 58995
    },
    {
      "icon_id": "595171",
      "name": "成本",
      "font_class": "chengben",
      "unicode": "e66a",
      "unicode_decimal": 58986
    },
    {
      "icon_id": "736504",
      "name": "生日",
      "font_class": "shengri",
      "unicode": "e613",
      "unicode_decimal": 58899
    },
    {
      "icon_id": "1227826",
      "name": "邀请函",
      "font_class": "yqh",
      "unicode": "e66b",
      "unicode_decimal": 58987
    },
    {
      "icon_id": "1921889",
      "name": "项目",
      "font_class": "xiangmu",
      "unicode": "e66c",
      "unicode_decimal": 58988
    },
    {
      "icon_id": "3855927",
      "name": "报销",
      "font_class": "baoxiao",
      "unicode": "e616",
      "unicode_decimal": 58902
    },
    {
      "icon_id": "3868257",
      "name": "调试",
      "font_class": "tiaoshi",
      "unicode": "eb61",
      "unicode_decimal": 60257
    },
    {
      "icon_id": "3868258",
      "name": "场景管理",
      "font_class": "changjingguanli",
      "unicode": "eb62",
      "unicode_decimal": 60258
    },
    {
      "icon_id": "3868260",
      "name": "分享方式",
      "font_class": "fenxiangfangshi",
      "unicode": "eb63",
      "unicode_decimal": 60259
    },
    {
      "icon_id": "3868263",
      "name": "编辑",
      "font_class": "bianji2",
      "unicode": "eb64",
      "unicode_decimal": 60260
    },
    {
      "icon_id": "3868266",
      "name": "功能定义",
      "font_class": "gongnengdingyi",
      "unicode": "eb65",
      "unicode_decimal": 60261
    },
    {
      "icon_id": "3868267",
      "name": "基础管理",
      "font_class": "jichuguanli",
      "unicode": "eb66",
      "unicode_decimal": 60262
    },
    {
      "icon_id": "3868271",
      "name": "测试申请",
      "font_class": "ceshishenqing",
      "unicode": "eb67",
      "unicode_decimal": 60263
    },
    {
      "icon_id": "3868273",
      "name": "警告",
      "font_class": "jinggao",
      "unicode": "eb68",
      "unicode_decimal": 60264
    },
    {
      "icon_id": "3868274",
      "name": "配网引导",
      "font_class": "peiwangyindao",
      "unicode": "eb69",
      "unicode_decimal": 60265
    },
    {
      "icon_id": "3868276",
      "name": "使用文档",
      "font_class": "shiyongwendang",
      "unicode": "eb6a",
      "unicode_decimal": 60266
    },
    {
      "icon_id": "3868278",
      "name": "权限审批",
      "font_class": "quanxianshenpi",
      "unicode": "eb6b",
      "unicode_decimal": 60267
    },
    {
      "icon_id": "3868279",
      "name": "已授权",
      "font_class": "yishouquan",
      "unicode": "eb6c",
      "unicode_decimal": 60268
    },
    {
      "icon_id": "3868280",
      "name": "提案审批",
      "font_class": "tianshenpi",
      "unicode": "eb6d",
      "unicode_decimal": 60269
    },
    {
      "icon_id": "3868281",
      "name": "数据看板",
      "font_class": "shujukanban",
      "unicode": "eb6e",
      "unicode_decimal": 60270
    },
    {
      "icon_id": "3868282",
      "name": "应用管理",
      "font_class": "yingyongguanli",
      "unicode": "eb6f",
      "unicode_decimal": 60271
    },
    {
      "icon_id": "3868284",
      "name": "仪表盘",
      "font_class": "yibiaopan",
      "unicode": "eb70",
      "unicode_decimal": 60272
    },
    {
      "icon_id": "3868287",
      "name": "账号权限管理",
      "font_class": "zhanghaoquanxianguanli",
      "unicode": "eb71",
      "unicode_decimal": 60273
    },
    {
      "icon_id": "3868288",
      "name": "园区运维",
      "font_class": "yuanquyunwei",
      "unicode": "eb72",
      "unicode_decimal": 60274
    },
    {
      "icon_id": "3868289",
      "name": "准备量产",
      "font_class": "zhunbeiliangchan",
      "unicode": "eb73",
      "unicode_decimal": 60275
    },
    {
      "icon_id": "3886487",
      "name": "基站管理",
      "font_class": "jizhanguanli",
      "unicode": "eb74",
      "unicode_decimal": 60276
    },
    {
      "icon_id": "4118040",
      "name": "自定义",
      "font_class": "zidingyi",
      "unicode": "eb76",
      "unicode_decimal": 60278
    },
    {
      "icon_id": "4175511",
      "name": "下箭头",
      "font_class": "xiajiantou1",
      "unicode": "eb77",
      "unicode_decimal": 60279
    },
    {
      "icon_id": "4175512",
      "name": "上箭头",
      "font_class": "shangjiantou1",
      "unicode": "eb78",
      "unicode_decimal": 60280
    },
    {
      "icon_id": "4325757",
      "name": "icon_loading",
      "font_class": "icon_loading",
      "unicode": "eb80",
      "unicode_decimal": 60288
    },
    {
      "icon_id": "4347512",
      "name": "icon_任务进程",
      "font_class": "icon_renwujincheng",
      "unicode": "eb88",
      "unicode_decimal": 60296
    },
    {
      "icon_id": "4347515",
      "name": "icon_入口",
      "font_class": "icon_rukou",
      "unicode": "eb89",
      "unicode_decimal": 60297
    },
    {
      "icon_id": "4347517",
      "name": "icon_疑问空心",
      "font_class": "icon_yiwenkongxin",
      "unicode": "eb8a",
      "unicode_decimal": 60298
    },
    {
      "icon_id": "4347518",
      "name": "icon_发布",
      "font_class": "icon_fabu",
      "unicode": "eb8b",
      "unicode_decimal": 60299
    },
    {
      "icon_id": "4347520",
      "name": "icon_添加",
      "font_class": "icon_tianjia",
      "unicode": "eb8c",
      "unicode_decimal": 60300
    },
    {
      "icon_id": "4347521",
      "name": "icon_预览",
      "font_class": "icon_yulan",
      "unicode": "eb8d",
      "unicode_decimal": 60301
    },
    {
      "icon_id": "4347522",
      "name": "icon_账号",
      "font_class": "icon_zhanghao",
      "unicode": "eb8e",
      "unicode_decimal": 60302
    },
    {
      "icon_id": "4347539",
      "name": "icon_网页",
      "font_class": "icon_wangye",
      "unicode": "eb8f",
      "unicode_decimal": 60303
    },
    {
      "icon_id": "4347549",
      "name": "icon_设置",
      "font_class": "icon_shezhi",
      "unicode": "eb90",
      "unicode_decimal": 60304
    },
    {
      "icon_id": "4347578",
      "name": "icon_保存",
      "font_class": "icon_baocun",
      "unicode": "eb91",
      "unicode_decimal": 60305
    },
    {
      "icon_id": "4347582",
      "name": "icon_应用管理",
      "font_class": "icon_yingyongguanli",
      "unicode": "eb92",
      "unicode_decimal": 60306
    },
    {
      "icon_id": "4347599",
      "name": "icon_使用文档",
      "font_class": "icon_shiyongwendang",
      "unicode": "eb93",
      "unicode_decimal": 60307
    },
    {
      "icon_id": "4347601",
      "name": "icon_帮助文档",
      "font_class": "icon_bangzhuwendang",
      "unicode": "eb94",
      "unicode_decimal": 60308
    },
    {
      "icon_id": "4354240",
      "name": "表单组件-输入框",
      "font_class": "biaodanzujian-shurukuang",
      "unicode": "eb95",
      "unicode_decimal": 60309
    },
    {
      "icon_id": "4354241",
      "name": "表单组件-表格",
      "font_class": "biaodanzujian-biaoge",
      "unicode": "eb96",
      "unicode_decimal": 60310
    },
    {
      "icon_id": "4354242",
      "name": "表单组件-下拉框",
      "font_class": "biaodanzujian-xialakuang",
      "unicode": "eb97",
      "unicode_decimal": 60311
    },
    {
      "icon_id": "4354243",
      "name": "图表-饼图",
      "font_class": "tubiao-bingtu",
      "unicode": "eb98",
      "unicode_decimal": 60312
    },
    {
      "icon_id": "4354244",
      "name": "表单组件-按钮",
      "font_class": "biaodanzujian-anniu",
      "unicode": "eb99",
      "unicode_decimal": 60313
    },
    {
      "icon_id": "4354245",
      "name": "工业组件-仪表盘",
      "font_class": "gongyezujian-yibiaopan",
      "unicode": "eb9a",
      "unicode_decimal": 60314
    },
    {
      "icon_id": "4354246",
      "name": "图表-卡片",
      "font_class": "tubiao-qiapian",
      "unicode": "eb9b",
      "unicode_decimal": 60315
    },
    {
      "icon_id": "4354247",
      "name": "工业组件-指示灯",
      "font_class": "gongyezujian-zhishideng",
      "unicode": "eb9c",
      "unicode_decimal": 60316
    },
    {
      "icon_id": "4354248",
      "name": "图表-折线图",
      "font_class": "tubiao-zhexiantu",
      "unicode": "eb9d",
      "unicode_decimal": 60317
    },
    {
      "icon_id": "4354249",
      "name": "形状-矩形",
      "font_class": "xingzhuang-juxing",
      "unicode": "eb9e",
      "unicode_decimal": 60318
    },
    {
      "icon_id": "4354251",
      "name": "工业组件-开关",
      "font_class": "gongyezujian-kaiguan",
      "unicode": "eb9f",
      "unicode_decimal": 60319
    },
    {
      "icon_id": "4354252",
      "name": "图表-柱状图",
      "font_class": "tubiao-zhuzhuangtu",
      "unicode": "eba0",
      "unicode_decimal": 60320
    },
    {
      "icon_id": "4354253",
      "name": "形状-图片",
      "font_class": "xingzhuang-tupian",
      "unicode": "eba1",
      "unicode_decimal": 60321
    },
    {
      "icon_id": "4354254",
      "name": "形状-文字",
      "font_class": "xingzhuang-wenzi",
      "unicode": "eba2",
      "unicode_decimal": 60322
    },
    {
      "icon_id": "4354255",
      "name": "形状-椭圆形",
      "font_class": "xingzhuang-tuoyuanxing",
      "unicode": "eba3",
      "unicode_decimal": 60323
    },
    {
      "icon_id": "4354256",
      "name": "形状-三角形",
      "font_class": "xingzhuang-sanjiaoxing",
      "unicode": "eba4",
      "unicode_decimal": 60324
    },
    {
      "icon_id": "4354257",
      "name": "形状-星形",
      "font_class": "xingzhuang-xingxing",
      "unicode": "eba5",
      "unicode_decimal": 60325
    },
    {
      "icon_id": "4506835",
      "name": "规则",
      "font_class": "guize",
      "unicode": "ebb7",
      "unicode_decimal": 60343
    },
    {
      "icon_id": "4506836",
      "name": "设备管理",
      "font_class": "shebeiguanli",
      "unicode": "ebb8",
      "unicode_decimal": 60344
    },
    {
      "icon_id": "4506837",
      "name": "功能定义",
      "font_class": "gongnengdingyi1",
      "unicode": "ebb9",
      "unicode_decimal": 60345
    },
    {
      "icon_id": "4518043",
      "name": "技术服务",
      "font_class": "jishufuwu",
      "unicode": "ebce",
      "unicode_decimal": 60366
    },
    {
      "icon_id": "4518102",
      "name": "运营管理",
      "font_class": "yunyingguanli",
      "unicode": "ebd1",
      "unicode_decimal": 60369
    },
    {
      "icon_id": "4521281",
      "name": "组织下辖",
      "font_class": "zuzhixiaxia",
      "unicode": "ebd8",
      "unicode_decimal": 60376
    },
    {
      "icon_id": "4521283",
      "name": "组织群组",
      "font_class": "zuzhiqunzu",
      "unicode": "ebd9",
      "unicode_decimal": 60377
    },
    {
      "icon_id": "4570294",
      "name": "打开",
      "font_class": "dakai",
      "unicode": "ebdf",
      "unicode_decimal": 60383
    },
    {
      "icon_id": "4570298",
      "name": "英文",
      "font_class": "yingwen",
      "unicode": "ebe0",
      "unicode_decimal": 60384
    },
    {
      "icon_id": "4573742",
      "name": "中文",
      "font_class": "zhongwen",
      "unicode": "ebe2",
      "unicode_decimal": 60386
    },
    {
      "icon_id": "4574594",
      "name": "密文",
      "font_class": "miwen",
      "unicode": "ebe3",
      "unicode_decimal": 60387
    },
    {
      "icon_id": "4574615",
      "name": "显号",
      "font_class": "xianhao",
      "unicode": "ebe4",
      "unicode_decimal": 60388
    },
    {
      "icon_id": "4583613",
      "name": "空心对勾",
      "font_class": "kongxinduigou",
      "unicode": "ebe5",
      "unicode_decimal": 60389
    },
    {
      "icon_id": "4611764",
      "name": "回形针",
      "font_class": "huixingzhen",
      "unicode": "ebe6",
      "unicode_decimal": 60390
    },
    {
      "icon_id": "4611765",
      "name": "对勾",
      "font_class": "duigou",
      "unicode": "ebe7",
      "unicode_decimal": 60391
    },
    {
      "icon_id": "4624184",
      "name": "下一步",
      "font_class": "xiayibu1",
      "unicode": "ebef",
      "unicode_decimal": 60399
    },
    {
      "icon_id": "4624185",
      "name": "上一步",
      "font_class": "shangyibu1",
      "unicode": "ebf0",
      "unicode_decimal": 60400
    },
    {
      "icon_id": "4624187",
      "name": "控件选中",
      "font_class": "kongjianxuanzhong",
      "unicode": "ebf1",
      "unicode_decimal": 60401
    },
    {
      "icon_id": "4624217",
      "name": "控件未选",
      "font_class": "kongjianweixuan",
      "unicode": "ebf2",
      "unicode_decimal": 60402
    },
    {
      "icon_id": "4624218",
      "name": "控件已选",
      "font_class": "kongjianyixuan",
      "unicode": "ebf3",
      "unicode_decimal": 60403
    },
    {
      "icon_id": "4682882",
      "name": "方块+",
      "font_class": "fangkuai",
      "unicode": "ec06",
      "unicode_decimal": 60422
    },
    {
      "icon_id": "4682890",
      "name": "方块-",
      "font_class": "fangkuai-",
      "unicode": "ec07",
      "unicode_decimal": 60423
    },
    {
      "icon_id": "4686545",
      "name": "刷新",
      "font_class": "shuaxin",
      "unicode": "ec08",
      "unicode_decimal": 60424
    },
    {
      "icon_id": "4686546",
      "name": "保存",
      "font_class": "baocun",
      "unicode": "ec09",
      "unicode_decimal": 60425
    },
    {
      "icon_id": "4686547",
      "name": "发布",
      "font_class": "fabu",
      "unicode": "ec0a",
      "unicode_decimal": 60426
    },
    {
      "icon_id": "4694304",
      "name": "向下占行",
      "font_class": "xiangxiazhanhang",
      "unicode": "ec0c",
      "unicode_decimal": 60428
    },
    {
      "icon_id": "4694305",
      "name": "向上占行",
      "font_class": "xiangshangzhanhang",
      "unicode": "ec0d",
      "unicode_decimal": 60429
    },
    {
      "icon_id": "4733921",
      "name": "服务地球",
      "font_class": "fuwudiqiu",
      "unicode": "ec0f",
      "unicode_decimal": 60431
    },
    {
      "icon_id": "4777231",
      "name": "还原画布",
      "font_class": "huanyuanhuabu",
      "unicode": "ec15",
      "unicode_decimal": 60437
    },
    {
      "icon_id": "4777232",
      "name": "全屏",
      "font_class": "quanping1",
      "unicode": "ec16",
      "unicode_decimal": 60438
    },
    {
      "icon_id": "4779612",
      "name": "表单组件-表格",
      "font_class": "biaodanzujian-biaoge1",
      "unicode": "ec17",
      "unicode_decimal": 60439
    },
    {
      "icon_id": "4780412",
      "name": "API输出",
      "font_class": "APIshuchu",
      "unicode": "ec18",
      "unicode_decimal": 60440
    },
    {
      "icon_id": "4780413",
      "name": "API接入",
      "font_class": "APIjieru",
      "unicode": "ec19",
      "unicode_decimal": 60441
    },
    {
      "icon_id": "4893191",
      "name": "文件夹",
      "font_class": "wenjianjia1",
      "unicode": "ec1a",
      "unicode_decimal": 60442
    },
    {
      "icon_id": "4893192",
      "name": "DOC",
      "font_class": "DOC",
      "unicode": "ec1b",
      "unicode_decimal": 60443
    },
    {
      "icon_id": "7681722",
      "name": "展开",
      "font_class": "shouqi1",
      "unicode": "e71b",
      "unicode_decimal": 59163
    },
    {
      "icon_id": "2260569",
      "name": "展开",
      "font_class": "zhankai",
      "unicode": "e6e0",
      "unicode_decimal": 59104
    },
    {
      "icon_id": "4550310",
      "name": "展开",
      "font_class": "zhankai1",
      "unicode": "e60a",
      "unicode_decimal": 58890
    },
    {
      "icon_id": "7681664",
      "name": "展开",
      "font_class": "shouqi",
      "unicode": "e71a",
      "unicode_decimal": 59162
    },
    {
      "icon_id": "7550278",
      "name": "积分",
      "font_class": "jifen",
      "unicode": "e6d9",
      "unicode_decimal": 59097
    },
    {
      "icon_id": "7550279",
      "name": "特权",
      "font_class": "tequan",
      "unicode": "e6da",
      "unicode_decimal": 59098
    },
    {
      "icon_id": "7573245",
      "name": "date2",
      "font_class": "date",
      "unicode": "e6f5",
      "unicode_decimal": 59125
    },
    {
      "icon_id": "7573246",
      "name": "home",
      "font_class": "home",
      "unicode": "e6f6",
      "unicode_decimal": 59126
    },
    {
      "icon_id": "7573247",
      "name": "date1",
      "font_class": "date1",
      "unicode": "e6f7",
      "unicode_decimal": 59127
    },
    {
      "icon_id": "7573248",
      "name": "exchange",
      "font_class": "exchange",
      "unicode": "e6f8",
      "unicode_decimal": 59128
    },
    {
      "icon_id": "7573249",
      "name": "cloud",
      "font_class": "cloud",
      "unicode": "e6f9",
      "unicode_decimal": 59129
    },
    {
      "icon_id": "7573250",
      "name": "cheap",
      "font_class": "cheap",
      "unicode": "e6fa",
      "unicode_decimal": 59130
    },
    {
      "icon_id": "7573251",
      "name": "explain",
      "font_class": "explain",
      "unicode": "e6fb",
      "unicode_decimal": 59131
    },
    {
      "icon_id": "7573252",
      "name": "list",
      "font_class": "list",
      "unicode": "e6fc",
      "unicode_decimal": 59132
    },
    {
      "icon_id": "7573253",
      "name": "company",
      "font_class": "company",
      "unicode": "e6fd",
      "unicode_decimal": 59133
    },
    {
      "icon_id": "7573254",
      "name": "member",
      "font_class": "member",
      "unicode": "e6fe",
      "unicode_decimal": 59134
    },
    {
      "icon_id": "7573255",
      "name": "file",
      "font_class": "file",
      "unicode": "e6ff",
      "unicode_decimal": 59135
    },
    {
      "icon_id": "7573256",
      "name": "design",
      "font_class": "design",
      "unicode": "e700",
      "unicode_decimal": 59136
    },
    {
      "icon_id": "7573257",
      "name": "total",
      "font_class": "total",
      "unicode": "e701",
      "unicode_decimal": 59137
    },
    {
      "icon_id": "7573258",
      "name": "vr",
      "font_class": "vr",
      "unicode": "e702",
      "unicode_decimal": 59138
    },
    {
      "icon_id": "7573259",
      "name": "copyright",
      "font_class": "copyright",
      "unicode": "e703",
      "unicode_decimal": 59139
    },
    {
      "icon_id": "7573260",
      "name": "enhance",
      "font_class": "enhance",
      "unicode": "e704",
      "unicode_decimal": 59140
    },
    {
      "icon_id": "7573261",
      "name": "stable",
      "font_class": "stable",
      "unicode": "e705",
      "unicode_decimal": 59141
    },
    {
      "icon_id": "7573262",
      "name": "more1",
      "font_class": "more",
      "unicode": "e706",
      "unicode_decimal": 59142
    },
    {
      "icon_id": "7573263",
      "name": "good",
      "font_class": "good",
      "unicode": "e707",
      "unicode_decimal": 59143
    },
    {
      "icon_id": "7573264",
      "name": "movie",
      "font_class": "movie",
      "unicode": "e708",
      "unicode_decimal": 59144
    },
    {
      "icon_id": "7573265",
      "name": "up",
      "font_class": "up",
      "unicode": "e709",
      "unicode_decimal": 59145
    },
    {
      "icon_id": "7573266",
      "name": "video2",
      "font_class": "video",
      "unicode": "e70a",
      "unicode_decimal": 59146
    },
    {
      "icon_id": "7573267",
      "name": "time",
      "font_class": "time",
      "unicode": "e70b",
      "unicode_decimal": 59147
    },
    {
      "icon_id": "7573268",
      "name": "chart",
      "font_class": "chart",
      "unicode": "e70c",
      "unicode_decimal": 59148
    },
    {
      "icon_id": "7573269",
      "name": "internet",
      "font_class": "internet",
      "unicode": "e70d",
      "unicode_decimal": 59149
    },
    {
      "icon_id": "7573270",
      "name": "idea",
      "font_class": "idea",
      "unicode": "e70e",
      "unicode_decimal": 59150
    },
    {
      "icon_id": "7573271",
      "name": "profit",
      "font_class": "profit",
      "unicode": "e70f",
      "unicode_decimal": 59151
    },
    {
      "icon_id": "7573272",
      "name": "tag",
      "font_class": "tag",
      "unicode": "e710",
      "unicode_decimal": 59152
    },
    {
      "icon_id": "7573273",
      "name": "aotumate",
      "font_class": "aotumate",
      "unicode": "e711",
      "unicode_decimal": 59153
    },
    {
      "icon_id": "7573274",
      "name": "date4",
      "font_class": "date2",
      "unicode": "e712",
      "unicode_decimal": 59154
    },
    {
      "icon_id": "7573275",
      "name": "chart2",
      "font_class": "chart1",
      "unicode": "e713",
      "unicode_decimal": 59155
    },
    {
      "icon_id": "7573276",
      "name": "video",
      "font_class": "video1",
      "unicode": "e714",
      "unicode_decimal": 59156
    },
    {
      "icon_id": "7573277",
      "name": "click",
      "font_class": "click",
      "unicode": "e715",
      "unicode_decimal": 59157
    },
    {
      "icon_id": "7573278",
      "name": "safety",
      "font_class": "safety",
      "unicode": "e716",
      "unicode_decimal": 59158
    },
    {
      "icon_id": "7573279",
      "name": "equipment",
      "font_class": "equipment",
      "unicode": "e717",
      "unicode_decimal": 59159
    },
    {
      "icon_id": "7573280",
      "name": "date3",
      "font_class": "date3",
      "unicode": "e718",
      "unicode_decimal": 59160
    },
    {
      "icon_id": "7573281",
      "name": "more2",
      "font_class": "more1",
      "unicode": "e719",
      "unicode_decimal": 59161
    },
    {
      "icon_id": "7590091",
      "name": "储蓄",
      "font_class": "chuxu",
      "unicode": "e6eb",
      "unicode_decimal": 59115
    },
    {
      "icon_id": "5286696",
      "name": "时间",
      "font_class": "shijian",
      "unicode": "e639",
      "unicode_decimal": 58937
    },
    {
      "icon_id": "5286697",
      "name": "关闭",
      "font_class": "guanbi",
      "unicode": "e63a",
      "unicode_decimal": 58938
    },
    {
      "icon_id": "5286698",
      "name": "消息2",
      "font_class": "xiaoxi",
      "unicode": "e63b",
      "unicode_decimal": 58939
    },
    {
      "icon_id": "5286699",
      "name": "分享",
      "font_class": "fenxiang",
      "unicode": "e63c",
      "unicode_decimal": 58940
    },
    {
      "icon_id": "5286700",
      "name": "消息",
      "font_class": "xiaoxi1",
      "unicode": "e63d",
      "unicode_decimal": 58941
    },
    {
      "icon_id": "5286701",
      "name": "垃圾桶",
      "font_class": "lajitong",
      "unicode": "e63e",
      "unicode_decimal": 58942
    },
    {
      "icon_id": "5286702",
      "name": "缩小",
      "font_class": "suoxiao",
      "unicode": "e63f",
      "unicode_decimal": 58943
    },
    {
      "icon_id": "5286703",
      "name": "添加",
      "font_class": "tianjia",
      "unicode": "e640",
      "unicode_decimal": 58944
    },
    {
      "icon_id": "5286704",
      "name": "排序",
      "font_class": "paixu",
      "unicode": "e641",
      "unicode_decimal": 58945
    },
    {
      "icon_id": "5286705",
      "name": "下载",
      "font_class": "xiazai",
      "unicode": "e642",
      "unicode_decimal": 58946
    },
    {
      "icon_id": "5286706",
      "name": "链接",
      "font_class": "lianjie",
      "unicode": "e643",
      "unicode_decimal": 58947
    },
    {
      "icon_id": "5286707",
      "name": "上传2",
      "font_class": "shangchuan",
      "unicode": "e644",
      "unicode_decimal": 58948
    },
    {
      "icon_id": "5286709",
      "name": "多选",
      "font_class": "duoxuan",
      "unicode": "e645",
      "unicode_decimal": 58949
    },
    {
      "icon_id": "5286710",
      "name": "复制",
      "font_class": "fuzhi",
      "unicode": "e646",
      "unicode_decimal": 58950
    },
    {
      "icon_id": "5286711",
      "name": "传输完成",
      "font_class": "chuanshuwancheng",
      "unicode": "e647",
      "unicode_decimal": 58951
    },
    {
      "icon_id": "5286712",
      "name": "下载2",
      "font_class": "xiazai1",
      "unicode": "e648",
      "unicode_decimal": 58952
    },
    {
      "icon_id": "5286713",
      "name": "移动",
      "font_class": "yidong",
      "unicode": "e649",
      "unicode_decimal": 58953
    },
    {
      "icon_id": "5286714",
      "name": "全屏",
      "font_class": "quanping",
      "unicode": "e64a",
      "unicode_decimal": 58954
    },
    {
      "icon_id": "5286715",
      "name": "编辑2",
      "font_class": "bianji",
      "unicode": "e64b",
      "unicode_decimal": 58955
    },
    {
      "icon_id": "5286716",
      "name": "文件夹",
      "font_class": "wenjianjia",
      "unicode": "e64c",
      "unicode_decimal": 58956
    },
    {
      "icon_id": "5286717",
      "name": "传输列表",
      "font_class": "chuanshuliebiao",
      "unicode": "e64d",
      "unicode_decimal": 58957
    },
    {
      "icon_id": "5286718",
      "name": "上传",
      "font_class": "shangchuan1",
      "unicode": "e64e",
      "unicode_decimal": 58958
    },
    {
      "icon_id": "5286811",
      "name": "编辑",
      "font_class": "bianji1",
      "unicode": "e64f",
      "unicode_decimal": 58959
    },
    {
      "icon_id": "5287753",
      "name": "日期",
      "font_class": "riqi",
      "unicode": "e650",
      "unicode_decimal": 58960
    },
    {
      "icon_id": "5302289",
      "name": "下一步",
      "font_class": "xiayibu",
      "unicode": "e651",
      "unicode_decimal": 58961
    },
    {
      "icon_id": "5302290",
      "name": "上一步",
      "font_class": "shangyibu",
      "unicode": "e652",
      "unicode_decimal": 58962
    },
    {
      "icon_id": "5303008",
      "name": "更多",
      "font_class": "gengduo",
      "unicode": "e653",
      "unicode_decimal": 58963
    },
    {
      "icon_id": "5303378",
      "name": "列表",
      "font_class": "liebiao",
      "unicode": "e654",
      "unicode_decimal": 58964
    },
    {
      "icon_id": "5303379",
      "name": "查看",
      "font_class": "chakan",
      "unicode": "e655",
      "unicode_decimal": 58965
    },
    {
      "icon_id": "5303380",
      "name": "分栏",
      "font_class": "fenlan",
      "unicode": "e656",
      "unicode_decimal": 58966
    },
    {
      "icon_id": "5303381",
      "name": "图标",
      "font_class": "tubiao",
      "unicode": "e657",
      "unicode_decimal": 58967
    },
    {
      "icon_id": "5303535",
      "name": "新建",
      "font_class": "xinjian",
      "unicode": "e658",
      "unicode_decimal": 58968
    },
    {
      "icon_id": "5874103",
      "name": "email",
      "font_class": "email",
      "unicode": "e675",
      "unicode_decimal": 58997
    },
    {
      "icon_id": "5874105",
      "name": "cfmpassword",
      "font_class": "cfmpassword",
      "unicode": "e676",
      "unicode_decimal": 58998
    },
    {
      "icon_id": "5874106",
      "name": "password",
      "font_class": "password",
      "unicode": "e677",
      "unicode_decimal": 58999
    },
    {
      "icon_id": "5874108",
      "name": "validation",
      "font_class": "validation",
      "unicode": "e678",
      "unicode_decimal": 59000
    },
    {
      "icon_id": "5874110",
      "name": "tel",
      "font_class": "tel",
      "unicode": "e679",
      "unicode_decimal": 59001
    },
    {
      "icon_id": "5880957",
      "name": "user",
      "font_class": "user",
      "unicode": "e67a",
      "unicode_decimal": 59002
    },
    {
      "icon_id": "7403426",
      "name": "moxingku-04",
      "font_class": "moxingku-",
      "unicode": "e619",
      "unicode_decimal": 58905
    },
    {
      "icon_id": "7407552",
      "name": "jiankon-02",
      "font_class": "jiankon-",
      "unicode": "e61e",
      "unicode_decimal": 58910
    },
    {
      "icon_id": "7408134",
      "name": "caidan-02",
      "font_class": "caidan-",
      "unicode": "e620",
      "unicode_decimal": 58912
    },
    {
      "icon_id": "7408991",
      "name": "changguijianzhu-02",
      "font_class": "changguijianzhu-",
      "unicode": "e621",
      "unicode_decimal": 58913
    },
    {
      "icon_id": "7437227",
      "name": "wode-02",
      "font_class": "wode-",
      "unicode": "e62a",
      "unicode_decimal": 58922
    },
    {
      "icon_id": "7438720",
      "name": "donghuayanshi-02",
      "font_class": "donghuayanshi-",
      "unicode": "e62e",
      "unicode_decimal": 58926
    },
    {
      "icon_id": "7441009",
      "name": "danciyanshi-02",
      "font_class": "danciyanshi-",
      "unicode": "e630",
      "unicode_decimal": 58928
    },
    {
      "icon_id": "7441759",
      "name": "xunhuanyanshi-02",
      "font_class": "xunhuanyanshi-",
      "unicode": "e634",
      "unicode_decimal": 58932
    },
    {
      "icon_id": "7442871",
      "name": "fanhui-02",
      "font_class": "fanhui-",
      "unicode": "e659",
      "unicode_decimal": 58969
    },
    {
      "icon_id": "7443127",
      "name": "kejian-02",
      "font_class": "kejian-",
      "unicode": "e65a",
      "unicode_decimal": 58970
    },
    {
      "icon_id": "7443370",
      "name": "bianji-02",
      "font_class": "bianji-",
      "unicode": "e65b",
      "unicode_decimal": 58971
    },
    {
      "icon_id": "7452777",
      "name": "shanchu-02",
      "font_class": "shanchu-",
      "unicode": "e65c",
      "unicode_decimal": 58972
    },
    {
      "icon_id": "7453460",
      "name": "chazhao-02",
      "font_class": "chazhao-",
      "unicode": "e65d",
      "unicode_decimal": 58973
    },
    {
      "icon_id": "7457394",
      "name": "xinnikejian1-02",
      "font_class": "xinnikejian-",
      "unicode": "e65e",
      "unicode_decimal": 58974
    },
    {
      "icon_id": "7458827",
      "name": "xiantiao-02",
      "font_class": "xiantiao-",
      "unicode": "e65f",
      "unicode_decimal": 58975
    },
    {
      "icon_id": "7461563",
      "name": "dayinji-02",
      "font_class": "dayinji-",
      "unicode": "e660",
      "unicode_decimal": 58976
    },
    {
      "icon_id": "7468961",
      "name": "rizhaomoshi-02",
      "font_class": "rizhaomoshi-",
      "unicode": "e661",
      "unicode_decimal": 58977
    },
    {
      "icon_id": "7469877",
      "name": "huizhi-02",
      "font_class": "huizhi-",
      "unicode": "e662",
      "unicode_decimal": 58978
    },
    {
      "icon_id": "7470173",
      "name": "dituxuanze-02",
      "font_class": "dituxuanze-",
      "unicode": "e663",
      "unicode_decimal": 58979
    },
    {
      "icon_id": "7471765",
      "name": "3d-02",
      "font_class": "d-",
      "unicode": "e664",
      "unicode_decimal": 58980
    },
    {
      "icon_id": "7471871",
      "name": "2d-02",
      "font_class": "d-1",
      "unicode": "e665",
      "unicode_decimal": 58981
    },
    {
      "icon_id": "7473156",
      "name": "suoxiao-02",
      "font_class": "suoxiao-",
      "unicode": "e667",
      "unicode_decimal": 58983
    },
    {
      "icon_id": "7473158",
      "name": "fangda2-02",
      "font_class": "fangda-1",
      "unicode": "e668",
      "unicode_decimal": 58984
    },
    {
      "icon_id": "7473203",
      "name": "suofang2-02",
      "font_class": "suofang-",
      "unicode": "e669",
      "unicode_decimal": 58985
    },
    {
      "icon_id": "7533290",
      "name": "微信",
      "font_class": "weixin",
      "unicode": "e603",
      "unicode_decimal": 58883
    },
    {
      "icon_id": "7533291",
      "name": "qq",
      "font_class": "qq",
      "unicode": "e604",
      "unicode_decimal": 58884
    },
    {
      "icon_id": "7533292",
      "name": "中英文",
      "font_class": "zhongyingwen",
      "unicode": "e605",
      "unicode_decimal": 58885
    },
    {
      "icon_id": "7533293",
      "name": "主题",
      "font_class": "zhuti",
      "unicode": "e606",
      "unicode_decimal": 58886
    },
    {
      "icon_id": "7533297",
      "name": "图标",
      "font_class": "tubiao1",
      "unicode": "e607",
      "unicode_decimal": 58887
    }
  ]
}
